{ 
    "suhumax" : 361,
    "suhumin" : 20,
    "suhurata"  : 28.35,
    "nilai_suhu_max_humid_max": [
    {
        "idx" : 101,
        "suhun" : 36,
        "humid" : 36,
        "kecerahan" : 25,
        "timestamp" : "2010-09-10T07:23:45"
    },

    {
        "idx" : 226,
        "suhun" : 36,
        "humid" : 36,
        "kecerahan" : 27,
        "timestamp" : "2011-05-02T12:29:34"
    }
    ],
    
    "month_year_max" :[
        {
            "month_year": "9-2010" 
        },

        {
            "month_year": "5-2011"
        }
    ]

}
